{"cameraMode":{"drawMode":0,"name":"Shaded","section":"Shading Mode"},"sceneLighting":false,"audioPlay":false,"sceneViewState":{"showFog":true,"showMaterialUpdate":false,"showSkybox":false,"showFlares":true,"showImageEffects":true,"showParticleSystems":true},"in2DMode":false,"pivot":{"x":0.008710980415344239,"y":0.5,"z":1.2824749946594239},"rotation":{"x":0.09716586768627167,"y":0.5003832578659058,"z":-0.05685519799590111,"w":0.858514130115509},"size":0.7432405352592468,"orthographic":false}