{"cameraMode":{"drawMode":0,"name":"Shaded","section":"Shading Mode"},"sceneLighting":false,"audioPlay":false,"sceneViewState":{"showFog":true,"showMaterialUpdate":false,"showSkybox":false,"showFlares":true,"showImageEffects":true,"showParticleSystems":true},"in2DMode":false,"pivot":{"x":-4.458784103393555,"y":0.3565105199813843,"z":-1.0239286422729493},"rotation":{"x":0.29689502716064455,"y":-0.16823279857635499,"z":0.05289441719651222,"w":0.9385790824890137},"size":0.8660253882408142,"orthographic":false}