{"cameraMode":{"drawMode":0,"name":"Shaded","section":"Shading Mode"},"sceneLighting":false,"audioPlay":false,"sceneViewState":{"showFog":true,"showMaterialUpdate":false,"showSkybox":false,"showFlares":true,"showImageEffects":true,"showParticleSystems":true},"in2DMode":false,"pivot":{"x":-3.926764965057373,"y":0.5959884524345398,"z":-0.9927272200584412},"rotation":{"x":0.1120443344116211,"y":0.7517966032028198,"z":-0.13237887620925904,"w":0.6361926794052124},"size":1.206322431564331,"orthographic":false}