{"cameraMode":{"drawMode":0,"name":"Shaded","section":"Shading Mode"},"sceneLighting":false,"audioPlay":false,"sceneViewState":{"showFog":true,"showMaterialUpdate":false,"showSkybox":false,"showFlares":true,"showImageEffects":true,"showParticleSystems":true},"in2DMode":false,"pivot":{"x":-0.24755167961120606,"y":0.920768141746521,"z":-0.04175376892089844},"rotation":{"x":0.16569708287715913,"y":0.33735421299934389,"z":-0.06047381833195686,"w":0.9247416257858276},"size":1.1660254001617432,"orthographic":false}