{"cameraMode":{"drawMode":0,"name":"Shaded","section":"Shading Mode"},"sceneLighting":false,"audioPlay":false,"sceneViewState":{"showFog":true,"showMaterialUpdate":false,"showSkybox":false,"showFlares":true,"showImageEffects":true,"showParticleSystems":true},"in2DMode":false,"pivot":{"x":-0.1342526078224182,"y":0.7306092977523804,"z":1.3403416872024537},"rotation":{"x":0.2470698058605194,"y":0.4949788451194763,"z":-0.1492571234703064,"w":0.8196004629135132},"size":0.7075485587120056,"orthographic":false}