{"cameraMode":{"drawMode":0,"name":"Shaded","section":"Shading Mode"},"sceneLighting":false,"audioPlay":false,"sceneViewState":{"showFog":true,"showMaterialUpdate":false,"showSkybox":false,"showFlares":true,"showImageEffects":true,"showParticleSystems":true},"in2DMode":false,"pivot":{"x":-0.05928909778594971,"y":1.131400227546692,"z":0.5071206092834473},"rotation":{"x":0.005443177185952663,"y":0.9939748644828796,"z":-0.09301794320344925,"w":0.05820081755518913},"size":0.9672762751579285,"orthographic":false}